[
    {
        "IdDirector": 1,
        "Nombre": "Francis",
        "Apellidos": "Ford Coppola",
        "FechaNacimiento": "1939-04-07",
        "PeliculasDirigidas": ["El padrino", "El padrino II", "Dracula"],
        "Biografia": "Francis Ford Coppola es un director, productor y guionista estadounidense. Es ampliamente reconocido por su trabajo en los años 70 y 80, en particular por la trilogía de 'El Padrino'.",
        "Profesion": "Director, Guionista, Productor",
        "RutaFotoDirector": "../media/img/francisFord.jpg"
    },

    {
        "IdDirector": 2,
        "Nombre": "Steven",
        "Apellidos": "Spielberg",
        "FechaNacimiento": "1946-12-18",
        "PeliculasDirigidas": ["La lista de Schindler"],
        "Biografia": "Steven Spielberg es uno de los cineastas más influyentes de la historia del cine, con películas que van desde aventuras hasta dramas históricos.",
        "Profesion": "Director, Productor",
        "RutaFotoDirector": "../media/img/francisFord.jpg"
      },

    {
        "IdDirector": 3,
        "Nombre": "Steven",
        "Apellidos": "Knight",
        "FechaNacimiento": "1959-04-04",
        "PeliculasDirigidas": ["Peaky Blinders"],
        "Biografia": "Steven Knight es un guionista y director británico conocido principalmente por crear y dirigir la serie de éxito 'Peaky Blinders'.",
        "Profesion": "Director, Guionista",
        "RutaFotoDirector": "../media/img/francisFord.jpg"
      },
      {
        "IdDirector": 4,
        "Nombre": "David",
        "Apellidos": "Fincher",
        "FechaNacimiento": "1962-08-28",
        "PeliculasDirigidas": ["Seven"],
        "Biografia": "David Fincher es un director y productor estadounidense conocido por su estilo visual distintivo y películas como 'Seven', 'Fight Club' y 'The Social Network'.",
        "Profesion": "Director, Productor",
        "RutaFotoDirector": "../media/img/francisFord.jpg"
      },
      {
        "IdDirector": 5,
        "Nombre": "James",
        "Apellidos": "Manos Jr.",
        "FechaNacimiento": "1951-09-28",
        "PeliculasDirigidas": ["Dexter"],
        "Biografia": "James Manos Jr. es un guionista, productor y director estadounidense, conocido por ser el creador de la exitosa serie 'Dexter'.",
        "Profesion": "Director, Guionista, Productor",
        "RutaFotoDirector": "../media/img/francisFord.jpg"
      },

      {
        "IdDirector": 7,
        "Nombre": "David",
        "Apellidos": "Simon",
        "FechaNacimiento": "1960-02-09",
        "PeliculasDirigidas": ["The Wire"],
        "Biografia": "David Simon es un periodista, productor y guionista estadounidense conocido por crear la aclamada serie 'The Wire'.",
        "Profesion": "Director, Guionista, Productor",
        "RutaFotoDirector": "../media/img/francisFord.jpg"
      },
      {
        "IdDirector": 8,
        "Nombre": "Vince",
        "Apellidos": "Gilligan",
        "FechaNacimiento": "1967-02-10",
        "PeliculasDirigidas": ["Breaking Bad"],
        "Biografia": "Vince Gilligan es un guionista, director y productor estadounidense, famoso por crear y dirigir la serie 'Breaking Bad'.",
        "Profesion": "Director, Guionista, Productor",
        "RutaFotoDirector": "../media/img/VinceGilligan.jpg"
      },

      {
        "IdDirector": 9,
        "Nombre": "Stanley",
        "Apellidos": "Kubrick",
        "FechaNacimiento": "1928-07-26",
        "PeliculasDirigidas": ["Full Metal Jacket"],
        "Biografia": "Stanley Kubrick fue un influyente director y productor conocido por su estilo visual distintivo y por películas como '2001: Una odisea del espacio' y 'El resplandor'.",
        "Profesion": "Director, Productor",
        "RutaFotoDirector": "../media/img/francisFord.jpg"
      },

      {
        "IdDirector": 10,
        "Nombre": "Matt",
        "Apellidos": "Groening",
        "FechaNacimiento": "1954-02-15",
        "PeliculasDirigidas": ["Los Simpsons"],
        "Biografia": "Matt Groening es un dibujante, productor y creador de televisión, conocido por ser el creador de 'Los Simpsons' y 'Futurama'.",
        "Profesion": "Creador, Productor",
        "RutaFotoDirector": "../media/img/francisFord.jpg"
      },

      {
        "IdDirector": 11,
        "Nombre": "Adrian",
        "Apellidos": "Malone",
        "FechaNacimiento": "1937-01-01",
        "PeliculasDirigidas": ["Cosmos: Un Viaje Personal"],
        "Biografia": "Adrian Malone fue un productor y director británico conocido por su trabajo en documentales científicos, especialmente 'Cosmos: Un Viaje Personal'.",
        "Profesion": "Director, Productor",
        "RutaFotoDirector": "../media/img/francisFord.jpg"
      },

      {
        "IdDirector": 12,
        "Nombre": "Jonathan",
        "Apellidos": "Demme",
        "FechaNacimiento": "1944-02-22",
        "PeliculasDirigidas": ["El silencio de los corderos"],
        "Biografia": "Jonathan Demme fue un director y productor estadounidense conocido por dirigir 'El Silencio de los Corderos', película por la que ganó el Óscar al Mejor Director.",
        "Profesion": "Director, Productor",
        "RutaFotoDirector": "../media/img/francisFord.jpg"
      },

      {
        "IdDirector": 13,
        "Nombre": "Charlie",
        "Apellidos": "Brooker",
        "FechaNacimiento": "1971-03-03",
        "PeliculasDirigidas": ["Black Mirror"],
        "Biografia": "Charlie Brooker es un guionista, productor y presentador británico conocido por ser el creador de la aclamada serie 'Black Mirror'.",
        "Profesion": "Director, Guionista, Productor",
        "RutaFotoDirector": "../media/img/francisFord.jpg"
      }
      
      
      
      
      
      
]
